2.051106929779052734e+00,2.033600091934204102e+00
2.131551742553710938e+00,2.111099958419799805e+00
1.158340573310852051e+00,1.069499969482421875e+00
3.048049449920654297e+00,3.062799930572509766e+00
2.820663452148437500e+00,2.805500030517578125e+00
1.307930469512939453e+00,1.283400058746337891e+00
5.345377326011657715e-01,5.084000229835510254e-01
2.127371788024902344e+00,2.104899883270263672e+00
8.762807250022888184e-01,8.989999890327453613e-01
1.862138628959655762e+00,1.828999996185302734e+00
1.976406574249267578e+00,1.959200024604797363e+00
2.364727020263671875e+00,2.352900028228759766e+00
1.913897395133972168e-01,1.612000018358230591e-01
2.834801673889160156e+00,2.817899942398071289e+00
1.431139111518859863e+00,1.404299974441528320e+00
2.420075416564941406e+00,2.411799907684326172e+00
1.402784109115600586e+00,1.382599949836730957e+00
1.754473090171813965e+00,1.732900023460388184e+00
3.050062417984008789e+00,3.065900087356567383e+00
3.734874129295349121e-01,3.472000062465667725e-01
1.830746173858642578e+00,1.801100015640258789e+00
1.969778299331665039e+00,1.949900031089782715e+00
2.220774173736572266e+00,2.232000112533569336e+00
6.650772690773010254e-01,6.726999878883361816e-01
2.865854740142822266e+00,2.848900079727172852e+00
4.631501138210296631e-01,4.433000087738037109e-01
1.860351800918579102e+00,1.825899958610534668e+00
1.886022210121154785e+00,1.863100051879882812e+00
2.281966686248779297e+00,2.297100067138671875e+00
2.082565069198608398e+00,2.061500072479248047e+00
1.419655799865722656e+00,1.394999980926513672e+00
8.441466689109802246e-01,8.648999929428100586e-01
2.129093408584594727e+00,2.108000040054321289e+00
1.245498180389404297e+00,1.212100028991699219e+00
1.228755235671997070e+00,1.193500041961669922e+00
1.426099061965942383e+00,1.401200056076049805e+00
1.287032008171081543e+00,1.258599996566772461e+00
1.534208297729492188e+00,1.515900015830993652e+00
2.772875785827636719e+00,2.749700069427490234e+00
1.321438670158386230e+00,1.298900008201599121e+00
2.840693712234497070e+00,2.824100017547607422e+00
5.997773408889770508e-01,5.921000242233276367e-01
3.788890242576599121e-01,3.564999997615814209e-01
2.040779590606689453e+00,2.021199941635131836e+00
2.585649013519287109e+00,2.576100111007690430e+00
6.252870559692382812e-01,6.292999982833862305e-01
2.436839103698730469e+00,2.436599969863891602e+00
2.981009483337402344e+00,2.960500001907348633e+00
1.866710662841796875e+00,1.835199952125549316e+00
7.060658335685729980e-01,7.347000241279602051e-01
1.509058356285095215e+00,1.491099953651428223e+00
1.353905200958251953e+00,1.326799988746643066e+00
1.082964301109313965e+00,1.026100039482116699e+00
2.150711774826049805e+00,2.145200014114379883e+00
2.669430732727050781e+00,2.653599977493286133e+00
6.860089302062988281e-01,7.099000215530395508e-01
1.872891187667846680e-01,1.550000011920928955e-01
2.699993371963500977e+00,2.681499958038330078e+00
1.604290962219238281e+00,1.580999970436096191e+00
5.369883179664611816e-01,5.115000009536743164e-01
2.797555685043334961e+00,2.780699968338012695e+00
1.217101454734802246e+00,1.168699979782104492e+00
2.757333993911743164e+00,2.734200000762939453e+00
2.460051059722900391e+00,2.458300113677978516e+00
1.528813958168029785e+00,1.509699940681457520e+00
1.262054204940795898e+00,1.224499940872192383e+00
3.060205221176147461e+00,3.087599992752075195e+00
2.287935495376586914e+00,2.306400060653686523e+00
1.614109426736831665e-01,1.271000057458877563e-01
1.475513935089111328e+00,1.457000017166137695e+00
4.386074244976043701e-01,4.216000139713287354e-01
1.289655566215515137e-01,7.129999995231628418e-02
2.934457302093505859e+00,2.907799959182739258e+00
2.628585338592529297e+00,2.616400003433227539e+00
1.784602999687194824e+00,1.757699966430664062e+00
2.086862325668334961e-01,1.798000037670135498e-01
9.088005423545837402e-01,9.330999851226806641e-01
5.913782715797424316e-01,5.827999711036682129e-01
1.939036995172500610e-01,1.642999947071075439e-01
1.661688327789306641e+00,1.639899969100952148e+00
2.379419088363647461e+00,2.371500015258789062e+00
1.107041612267494202e-01,4.340000078082084656e-02
6.037704944610595703e-01,5.982999801635742188e-01
1.675624847412109375e-01,1.301999986171722412e-01
8.465231657028198242e-01,8.679999709129333496e-01
2.040229320526123047e+00,2.018100023269653320e+00
3.019654035568237305e+00,3.022500038146972656e+00
1.046042963862419128e-01,3.409999981522560120e-02
5.464662909507751465e-01,5.238999724388122559e-01
2.401996612548828125e+00,2.393199920654296875e+00
1.160879135131835938e+00,1.063300013542175293e+00
1.227171421051025391e+00,1.190400004386901855e+00
2.994602918624877930e+00,2.985300064086914062e+00
7.469739317893981934e-01,7.718999981880187988e-01
2.672387599945068359e+00,2.656699895858764648e+00
1.347798824310302734e+00,1.317499995231628418e+00
5.626587867736816406e-01,5.455999970436096191e-01
1.123244524002075195e+00,1.044700026512145996e+00
1.155426144599914551e+00,1.075700044631958008e+00
1.590220928192138672e+00,1.568600058555603027e+00
9.691270440816879272e-02,0.000000000000000000e+00
5.292053222656250000e-01,5.052999854087829590e-01
2.375946044921875000e+00,2.368400096893310547e+00
4.020158052444458008e-01,3.813000023365020752e-01
1.282691478729248047e+00,1.252400040626525879e+00
3.821646273136138916e-01,3.596000075340270996e-01
1.269148349761962891e+00,1.230700016021728516e+00
2.917721271514892578e+00,2.895400047302246094e+00
2.149152040481567383e+00,2.142100095748901367e+00
7.163843512535095215e-01,7.470999956130981445e-01
2.432714700698852539e+00,2.430399894714355469e+00
2.642327070236206055e+00,2.625699996948242188e+00
1.370872020721435547e+00,1.351600050926208496e+00
1.187217831611633301e+00,1.137699961662292480e+00
3.018755912780761719e+00,3.019399881362915039e+00
1.711556911468505859e+00,1.692600011825561523e+00
1.165513515472412109e+00,1.109799981117248535e+00
1.273197889328002930e+00,1.233800053596496582e+00
1.055842265486717224e-01,4.030000045895576477e-02
1.397734045982360840e+00,1.379500031471252441e+00
2.041891336441040039e+00,2.024300098419189453e+00
2.030769348144531250e+00,2.005700111389160156e+00
1.309563636779785156e+00,1.286499977111816406e+00
9.691270440816879272e-02,3.100000089034438133e-03
2.715820312500000000e+00,2.697000026702880859e+00
1.296284198760986328e+00,1.271000027656555176e+00
2.793733596801757812e+00,2.777600049972534180e+00
1.278464317321777344e+00,1.249300003051757812e+00
3.219818174839019775e-01,2.913999855518341064e-01
4.087169468402862549e-01,3.905999958515167236e-01
2.147055387496948242e+00,2.138999938964843750e+00
2.704607963562011719e+00,2.684600114822387695e+00
3.034118652343750000e+00,3.041100025177001953e+00
1.888562440872192383e+00,1.866199970245361328e+00
2.007867336273193359e+00,1.983999967575073242e+00
2.903560638427734375e+00,2.876800060272216797e+00
1.752128601074218750e+00,1.729799985885620117e+00
2.577658414840698242e+00,2.566800117492675781e+00
6.131585240364074707e-01,6.107000112533569336e-01
3.192930221557617188e-01,2.883000075817108154e-01
2.370063304901123047e+00,2.362200021743774414e+00
2.571058273315429688e+00,2.560600042343139648e+00
1.994075298309326172e+00,1.971600055694580078e+00
1.508805632591247559e+00,1.494199991226196289e+00
1.715799689292907715e+00,1.695700049400329590e+00
2.725979328155517578e+00,2.709399938583374023e+00
2.469162225723266602e+00,2.473799943923950195e+00
1.626201033592224121e+00,1.602699995040893555e+00
2.744270324707031250e+00,2.724900007247924805e+00
1.293818712234497070e+00,1.267899990081787109e+00
1.699416786432266235e-01,1.333000063896179199e-01
4.080978035926818848e-01,3.874999880790710449e-01
2.106457471847534180e+00,2.083199977874755859e+00
1.277871131896972656e+00,1.243100047111511230e+00
1.747737526893615723e+00,1.726699948310852051e+00
1.671743988990783691e+00,1.655400037765502930e+00
2.964361667633056641e+00,2.938800096511840820e+00
2.858825683593750000e+00,2.842700004577636719e+00
1.446587324142456055e+00,1.422899961471557617e+00
1.247366666793823242e+00,1.215199947357177734e+00
1.177027106285095215e+00,1.128399968147277832e+00
2.144524812698364258e+00,2.132800102233886719e+00
5.177159905433654785e-01,4.898000061511993408e-01
2.161876916885375977e+00,2.176199913024902344e+00
1.505794763565063477e+00,1.488000035285949707e+00
1.593804597854614258e+00,1.571699976921081543e+00
1.416426748037338257e-01,9.300000220537185669e-02
6.144116520881652832e-01,6.169000267982482910e-01
3.040905475616455078e+00,3.050400018692016602e+00
6.788693666458129883e-01,6.944000124931335449e-01
2.550189733505249023e+00,2.545099973678588867e+00
3.288900852203369141e-01,2.976000010967254639e-01
9.944153577089309692e-02,9.300000034272670746e-03
8.040559887886047363e-01,8.277000188827514648e-01
6.591429114341735840e-01,6.664999723434448242e-01
1.965525865554809570e+00,1.940600037574768066e+00
7.306038141250610352e-01,7.563999891281127930e-01
2.191284179687500000e+00,2.197900056838989258e+00
2.953228712081909180e+00,2.923300027847290039e+00
2.769545078277587891e+00,2.746599912643432617e+00
2.025790214538574219e+00,2.002599954605102539e+00
9.406177401542663574e-01,9.578999876976013184e-01
1.164862155914306641e+00,1.100499987602233887e+00
8.672863841056823730e-01,8.896999955177307129e-01
1.894073009490966797e+00,1.875499963760375977e+00
1.363006711006164551e+00,1.342300057411193848e+00
1.869681358337402344e+00,1.838299989700317383e+00
1.908602714538574219e+00,1.891000032424926758e+00
7.077463269233703613e-01,7.378000020980834961e-01
6.694704890251159668e-01,6.851000189781188965e-01
2.983796119689941406e+00,2.966700077056884766e+00
3.003195762634277344e+00,2.994600057601928711e+00
2.416468858718872070e+00,2.405600070953369141e+00
2.860906600952148438e+00,2.845799922943115234e+00
1.690293073654174805e+00,1.670899987220764160e+00
2.117247581481933594e+00,2.095599889755249023e+00
1.724592924118041992e+00,1.705000042915344238e+00
1.156170010566711426e+00,1.078799962997436523e+00
4.691998064517974854e-01,4.463999867439270020e-01
2.999259948730468750e+00,2.991499900817871094e+00
1.866825968027114868e-01,1.518999934196472168e-01
2.809271335601806641e+00,2.793100118637084961e+00
1.685896039009094238e+00,1.667799949645996094e+00
1.837192296981811523e+00,1.807299971580505371e+00
5.762009620666503906e-01,5.641999840736389160e-01
2.145073652267456055e+00,2.135900020599365234e+00
1.675094842910766602e+00,1.658499956130981445e+00
7.009155154228210449e-01,7.285000085830688477e-01
2.358536720275878906e+00,2.343600034713745117e+00
1.521984457969665527e+00,1.503499984741210938e+00
1.771415233612060547e+00,1.745300054550170898e+00
2.573702096939086914e+00,2.563699960708618164e+00
8.639707565307617188e-01,8.866000175476074219e-01
2.119312763214111328e+00,2.098700046539306641e+00
1.530554890632629395e-01,1.177999973297119141e-01
3.164914250373840332e-01,2.820999920368194580e-01
1.483422756195068359e+00,1.463199973106384277e+00
3.570024073123931885e-01,3.285999894142150879e-01
2.340568065643310547e+00,2.328099966049194336e+00
2.505147457122802734e+00,2.510999917984008789e+00
2.158614873886108398e+00,2.170000076293945312e+00
1.642193198204040527e+00,1.618199944496154785e+00
1.276569962501525879e+00,1.236899971961975098e+00
4.112139940261840820e-01,3.937000036239624023e-01
1.640736579895019531e+00,1.621299982070922852e+00
1.924586534500122070e+00,1.903399944305419922e+00
8.192497491836547852e-01,8.370000123977661133e-01
2.768448352813720703e+00,2.743499994277954102e+00
3.877634406089782715e-01,3.657999932765960693e-01
1.056560158729553223e+00,1.010599970817565918e+00
2.365545988082885742e+00,2.355999946594238281e+00
1.486857891082763672e+00,1.469400048255920410e+00
1.870466947555541992e+00,1.841400027275085449e+00
1.524492502212524414e+00,1.506600022315979004e+00
3.741722106933593750e-01,3.503000140190124512e-01
2.898989439010620117e+00,2.873699903488159180e+00
1.577431082725524902e+00,1.556200027465820312e+00
2.680074930191040039e+00,2.669100046157836914e+00
3.058135032653808594e+00,3.081399917602539062e+00
1.896595358848571777e+00,1.878600001335144043e+00
8.915010094642639160e-01,9.175999760627746582e-01
3.033149003982543945e+00,3.038000106811523438e+00
2.815526247024536133e+00,2.802400112152099609e+00
2.683731555938720703e+00,2.672199964523315430e+00
6.015393733978271484e-01,5.952000021934509277e-01
4.263424873352050781e-01,4.092000126838684082e-01
6.634948253631591797e-01,6.696000099182128906e-01
3.489651083946228027e-01,3.161999881267547607e-01
6.920678615570068359e-01,7.160999774932861328e-01
1.474205970764160156e+00,1.453899979591369629e+00
2.495271444320678711e+00,2.501699924468994141e+00
9.140356183052062988e-01,9.362000226974487305e-01
8.002479672431945801e-01,8.215000033378601074e-01
2.141652107238769531e+00,2.126600027084350586e+00
2.673802852630615234e+00,2.659800052642822266e+00
1.790261983871459961e+00,1.763900041580200195e+00
2.346639156341552734e+00,2.331199884414672852e+00
2.614871978759765625e+00,2.604000091552734375e+00
1.458279967308044434e+00,1.438400030136108398e+00
2.329422235488891602e+00,2.318799972534179688e+00
7.503317594528198242e-01,7.749999761581420898e-01
2.876144647598266602e+00,2.858200073242187500e+00
2.101976871490478516e+00,2.073899984359741211e+00
2.788898944854736328e+00,2.771399974822998047e+00
1.795434236526489258e+00,1.770099997520446777e+00
2.056575536727905273e+00,2.036700010299682617e+00
1.611002802848815918e+00,1.587200045585632324e+00
2.959425687789916992e+00,2.932600021362304688e+00
6.277359127998352051e-01,6.323999762535095215e-01
1.318605095148086548e-01,7.440000027418136597e-02
2.663108110427856445e-01,2.293999940156936646e-01
1.360910773277282715e+00,1.336099982261657715e+00
1.565312266349792480e+00,1.543799996376037598e+00
1.579089403152465820e+00,1.559299945831298828e+00
2.353962898254394531e+00,2.340500116348266602e+00
2.707225322723388672e+00,2.687700033187866211e+00
7.520081400871276855e-01,7.781000137329101562e-01
2.969565868377685547e+00,2.944999933242797852e+00
2.109632015228271484e+00,2.086299896240234375e+00
6.539524793624877930e-01,6.571999788284301758e-01
5.408348441123962402e-01,5.145999789237976074e-01
3.941165804862976074e-01,3.720000088214874268e-01
8.525695204734802246e-01,8.741999864578247070e-01
2.514275074005126953e+00,2.517199993133544922e+00
1.905881017446517944e-01,1.580999940633773804e-01
2.000862598419189453e+00,1.977800011634826660e+00
2.582254648208618164e+00,2.572999954223632812e+00
1.958533525466918945e+00,1.934399962425231934e+00
1.880900979042053223e+00,1.856899976730346680e+00
5.091751217842102051e-01,4.805000126361846924e-01
2.019861042499542236e-01,1.736000031232833862e-01
3.761653900146484375e-01,3.533999919891357422e-01
1.129758358001708984e+00,1.047799944877624512e+00
2.427742242813110352e+00,2.421099901199340820e+00
6.966356039047241211e-01,7.253999710083007812e-01
9.478097409009933472e-02,1.240000035613775253e-02
2.889529466629028320e+00,2.867500066757202148e+00
4.211342334747314453e-01,4.029999971389770508e-01
2.160526752471923828e+00,2.173099994659423828e+00
9.466971755027770996e-01,9.610000252723693848e-01
1.352306008338928223e+00,1.323699951171875000e+00
2.360651493072509766e+00,2.346699953079223633e+00
9.051081538200378418e-01,9.300000071525573730e-01
1.782487869262695312e+00,1.751500010490417480e+00
1.794488310813903809e+00,1.766999959945678711e+00
4.868115186691284180e-01,4.618999958038330078e-01
2.739899873733520508e+00,2.721800088882446289e+00
1.043013855814933777e-01,3.720000013709068298e-02
1.373527288436889648e+00,1.354699969291687012e+00
1.700456380844116211e+00,1.680199980735778809e+00
6.900220513343811035e-01,7.129999995231628418e-01
5.672227740287780762e-01,5.518000125885009766e-01
1.002018809318542480e+00,9.733999967575073242e-01
1.434057950973510742e+00,1.407400012016296387e+00
1.663912177085876465e+00,1.643000006675720215e+00
7.794784903526306152e-01,7.967000007629394531e-01
2.167769670486450195e+00,2.179300069808959961e+00
1.361920833587646484e-01,8.370000123977661133e-02
5.973139405250549316e-01,5.889999866485595703e-01
5.450505614280700684e-01,5.207999944686889648e-01
3.390735983848571777e-01,3.068999946117401123e-01
1.516389727592468262e+00,1.497300028800964355e+00
2.977050065994262695e+00,2.954299926757812500e+00
6.666463613510131836e-01,6.758000254631042480e-01
2.115542888641357422e+00,2.092499971389770508e+00
2.497161865234375000e+00,2.504800081253051758e+00
2.193165570497512817e-01,1.890999972820281982e-01
2.429471492767333984e+00,2.424200057983398438e+00
8.594786524772644043e-01,8.834999799728393555e-01
1.541418790817260742e+00,1.522099971771240234e+00
1.623798847198486328e+00,1.599599957466125488e+00
8.377117514610290527e-01,8.586999773979187012e-01
2.202517032623291016e+00,2.213399887084960938e+00
1.327160835266113281e+00,1.302000045776367188e+00
2.520092248916625977e+00,2.520299911499023438e+00
2.096271038055419922e+00,2.070800065994262695e+00
2.711509168148040771e-01,2.387000024318695068e-01
1.165232300758361816e+00,1.116000056266784668e+00
1.448082327842712402e-01,1.023000031709671021e-01
2.491570472717285156e+00,2.495500087738037109e+00
2.350351810455322266e+00,2.337399959564208984e+00
2.580882310867309570e-01,2.169999927282333374e-01
2.718289852142333984e+00,2.700099945068359375e+00
1.047466516494750977e+00,1.001299977302551270e+00
1.871431112289428711e+00,1.844499945640563965e+00
5.057377815246582031e-01,4.742999970912933350e-01
7.419390082359313965e-01,7.688000202178955078e-01
7.819430232048034668e-01,7.997999787330627441e-01
1.651615858078002930e+00,1.630599975585937500e+00
6.961103081703186035e-01,7.222999930381774902e-01
6.824728846549987793e-01,7.006000280380249023e-01
1.032557010650634766e+00,9.889000058174133301e-01
1.430886387825012207e-01,9.610000252723693848e-02
1.718279361724853516e+00,1.698799967765808105e+00
3.054405212402343750e+00,3.075200080871582031e+00
1.850272536277770996e+00,1.816599965095520020e+00
1.842457294464111328e+00,1.810400009155273438e+00
6.134482622146606445e-01,6.137999892234802246e-01
7.948272824287414551e-01,8.152999877929687500e-01
9.170528054237365723e-01,9.393000006675720215e-01
7.214596867561340332e-01,7.501999735832214355e-01
2.154044151306152344e+00,2.160700082778930664e+00
1.600575089454650879e+00,1.577900052070617676e+00
2.542802333831787109e+00,2.535799980163574219e+00
1.731161475181579590e+00,1.711199998855590820e+00
3.263843059539794922e-01,2.944999933242797852e-01
5.851525068283081055e-01,5.766000151634216309e-01
7.979680895805358887e-01,8.184000253677368164e-01
1.276584506034851074e+00,1.240000009536743164e+00
7.672872543334960938e-01,7.904999852180480957e-01
2.646511077880859375e+00,2.628799915313720703e+00
1.502435922622680664e+00,1.484899997711181641e+00
1.920745849609375000e+00,1.900300025939941406e+00
2.037339687347412109e+00,2.015000104904174805e+00
4.791294336318969727e-01,4.557000100612640381e-01
6.455665230751037598e-01,6.510000228881835938e-01
1.467693328857421875e+00,1.447700023651123047e+00
1.018135070800781250e+00,9.796000123023986816e-01
1.267639160156250000e+00,1.227599978446960449e+00
1.735034584999084473e+00,1.714300036430358887e+00
2.709397792816162109e+00,2.690799951553344727e+00
5.538906455039978027e-01,5.332000255584716797e-01
8.748543858528137207e-01,8.959000110626220703e-01
1.366508007049560547e-01,8.060000091791152954e-02
3.044435501098632812e+00,3.056600093841552734e+00
9.951058030128479004e-01,9.703000187873840332e-01
7.101858258247375488e-01,7.408999800682067871e-01
1.105019688606262207e+00,1.038499951362609863e+00
1.068103790283203125e+00,1.016800045967102051e+00
6.819171309471130371e-01,7.037000060081481934e-01
1.776878237724304199e+00,1.748399972915649414e+00
2.753955602645874023e+00,2.731100082397460938e+00
6.436102986335754395e-01,6.478999853134155273e-01
8.310179710388183594e-01,8.525000214576721191e-01
1.085365533828735352e+00,1.029199957847595215e+00
1.379539132118225098e+00,1.360900044441223145e+00
3.037209808826446533e-01,2.696999907493591309e-01
7.660258412361145020e-01,7.874000072479248047e-01
2.443395137786865234e+00,2.439699888229370117e+00
2.288461685180664062e+00,2.309499979019165039e+00
2.194907188415527344e+00,2.191699981689453125e+00
4.568466544151306152e-01,4.370999932289123535e-01
2.484377384185791016e+00,2.489300012588500977e+00
3.035902976989746094e+00,3.044199943542480469e+00
5.236508846282958984e-01,4.959999918937683105e-01
3.007800579071044922e+00,3.003900051116943359e+00
2.988852500915527344e+00,2.972899913787841797e+00
2.910803318023681641e+00,2.882999897003173828e+00
1.367780566215515137e+00,1.345399975776672363e+00
2.151749372482299805e+00,2.154500007629394531e+00
1.220566511154174805e+00,1.174900054931640625e+00
1.927605271339416504e+00,1.909600019454956055e+00
2.474686384201049805e+00,2.476900100708007812e+00
1.984826564788818359e+00,1.965399980545043945e+00
2.732328176498413086e+00,2.715600013732910156e+00
5.805354118347167969e-01,5.703999996185302734e-01
4.284606873989105225e-01,4.122999906539916992e-01
1.891796708106994629e+00,1.869300007820129395e+00
1.044265270233154297e+00,9.981999993324279785e-01
4.825038313865661621e-01,4.587999880313873291e-01
1.989013910293579102e+00,1.968500018119812012e+00
2.461647033691406250e+00,2.461400032043457031e+00
2.548228263854980469e+00,2.542000055313110352e+00
2.018701553344726562e+00,1.993299961090087891e+00
1.637651205062866211e+00,1.615100026130676270e+00
3.328550159931182861e-01,3.007000088691711426e-01
3.957108259201049805e-01,3.750999867916107178e-01
1.874654531478881836e+00,1.850700020790100098e+00
1.257314085960388184e+00,1.221400022506713867e+00
4.132610559463500977e-01,3.968000113964080811e-01
1.744542717933654785e+00,1.723600029945373535e+00
2.412191152572631836e+00,2.402499914169311523e+00
1.279995679855346680e+00,1.246199965476989746e+00
5.068274140357971191e-01,4.774000048637390137e-01
1.049206972122192383e+00,1.004400014877319336e+00
1.818491220474243164e-01,1.456999927759170532e-01
2.274945020675659180e+00,2.287800073623657227e+00
2.720385551452636719e+00,2.703200101852416992e+00
7.552890181541442871e-01,7.811999917030334473e-01
5.202605128288269043e-01,4.929000139236450195e-01
4.544373154640197754e-01,4.339999854564666748e-01
2.368649244308471680e-01,1.984000056982040405e-01
2.567483186721801758e+00,2.557499885559082031e+00
1.151570677757263184e+00,1.060199975967407227e+00
9.754705429077148438e-02,6.200000178068876266e-03
8.236387968063354492e-01,8.432000279426574707e-01
1.202108621597290039e+00,1.150099992752075195e+00
1.653015375137329102e+00,1.633700013160705566e+00
2.799228429794311523e+00,2.783799886703491211e+00
2.406179428100585938e+00,2.396300077438354492e+00
1.982042789459228516e-01,1.704999953508377075e-01
2.528528571128845215e-01,2.138999998569488525e-01
7.133124470710754395e-01,7.440000176429748535e-01
2.113345623016357422e+00,2.089400053024291992e+00
1.483964323997497559e-01,1.115999966859817505e-01
2.447624206542968750e+00,2.445899963378906250e+00
5.020796656608581543e-01,4.711999893188476562e-01
1.782341003417968750e+00,1.754600048065185547e+00
2.270400762557983398e+00,2.281599998474121094e+00
2.610465526580810547e+00,2.600899934768676758e+00
2.906060218811035156e+00,2.879899978637695312e+00
1.551427245140075684e-01,1.208999976515769958e-01
2.475520372390747070e+00,2.480000019073486328e+00
1.356973886489868164e+00,1.329900026321411133e+00
9.257137179374694824e-01,9.455000162124633789e-01
3.356065452098846436e-01,3.037999868392944336e-01
1.165783882141113281e+00,1.112900018692016602e+00
2.134641885757446289e+00,2.114200115203857422e+00
1.225733757019042969e+00,1.184200048446655273e+00
8.882376551628112793e-01,9.114000201225280762e-01
2.140177249908447266e+00,2.123500108718872070e+00
1.302539229393005371e+00,1.280300021171569824e+00
1.383251070976257324e+00,1.367100000381469727e+00
3.027817487716674805e+00,3.034899950027465820e+00
1.206578686833381653e-01,5.889999866485595703e-02
2.349103212356567383e+00,2.334300041198730469e+00
1.166613340377807617e+00,1.103600025177001953e+00
1.168571487069129944e-01,5.579999834299087524e-02
1.297914743423461914e+00,1.274099946022033691e+00
6.794239878654479980e-01,6.974999904632568359e-01
2.805164337158203125e+00,2.789999961853027344e+00
2.286439418792724609e+00,2.303299903869628906e+00
1.853477835655212402e+00,1.822800040245056152e+00
1.214413166046142578e+00,1.165599942207336426e+00
1.358964920043945312e+00,1.332999944686889648e+00
2.654232025146484375e+00,2.638099908828735352e+00
1.628536939620971680e+00,1.605800032615661621e+00
2.812423706054687500e+00,2.799299955368041992e+00
2.269409298896789551e-01,1.922000050544738770e-01
2.062578201293945312e+00,2.042900085449218750e+00
2.997504949569702148e+00,2.988399982452392578e+00
2.553818225860595703e+00,2.548199892044067383e+00
1.999811172485351562e+00,1.974699974060058594e+00
1.757503986358642578e+00,1.735999941825866699e+00
1.163814306259155273e+00,1.088099956512451172e+00
6.416446566581726074e-01,6.448000073432922363e-01
1.289985537528991699e+00,1.264799952507019043e+00
1.316531896591186523e+00,1.295799970626831055e+00
1.852098852396011353e-01,1.488000005483627319e-01
2.091444492340087891e+00,2.067699909210205078e+00
8.291433453559875488e-01,8.493999838829040527e-01
1.054258942604064941e+00,1.007500052452087402e+00
2.780043601989746094e+00,2.762099981307983398e+00
3.672446012496948242e-01,3.379000127315521240e-01
1.340391159057617188e+00,1.311300039291381836e+00
2.244676589965820312e+00,2.250600099563598633e+00
7.019545435905456543e-01,7.315999865531921387e-01
2.676539897918701172e+00,2.662899971008300781e+00
1.223701596260070801e+00,1.181100010871887207e+00
1.664113044738769531e+00,1.646100044250488281e+00
1.209567070007324219e+00,1.159399986267089844e+00
2.521071672439575195e+00,2.523400068283081055e+00
1.451689720153808594e+00,1.429100036621093750e+00
2.993916273117065430e-01,2.635000050067901611e-01
3.060140609741210938e+00,3.090699911117553711e+00
1.766389310359954834e-01,1.395000070333480835e-01
4.745638668537139893e-01,4.526000022888183594e-01
2.982236146926879883e+00,2.963599920272827148e+00
2.852163791656494141e+00,2.836499929428100586e+00
1.251220107078552246e+00,1.218299984931945801e+00
1.165837407112121582e+00,1.097399950027465820e+00
3.050949573516845703e+00,3.069000005722045898e+00
3.061496734619140625e+00,3.096899986267089844e+00
2.389025449752807617e+00,2.380800008773803711e+00
2.749941587448120117e+00,2.727999925613403320e+00
5.684431195259094238e-01,5.548999905586242676e-01
4.166029691696166992e-01,3.998999893665313721e-01
2.622128486633300781e+00,2.610199928283691406e+00
1.196103453636169434e+00,1.143900036811828613e+00
9.290469884872436523e-01,9.485999941825866699e-01
1.493307471275329590e+00,1.475600004196166992e+00
1.544838905334472656e+00,1.525200009346008301e+00
2.417554616928100586e+00,2.408699989318847656e+00
1.211815357208251953e+00,1.162500023841857910e+00
1.368169546127319336e+00,1.348500013351440430e+00
2.332418918609619141e+00,2.325000047683715820e+00
9.566729664802551270e-01,9.641000032424926758e-01
4.210262298583984375e-01,4.061000049114227295e-01
1.805908560752868652e+00,1.779399991035461426e+00
1.573225736618041992e+00,1.553099989891052246e+00
1.823416948318481445e+00,1.794899940490722656e+00
1.471659421920776367e+00,1.450799942016601562e+00
2.423296451568603516e+00,2.414900064468383789e+00
2.152055263519287109e+00,2.148299932479858398e+00
2.543721675872802734e+00,2.538899898529052734e+00
6.079202294349670410e-01,6.014000177383422852e-01
3.021162271499633789e+00,3.025599956512451172e+00
1.898814201354980469e+00,1.881700038909912109e+00
1.678923130035400391e+00,1.661599993705749512e+00
1.226516485214233398e+00,1.187299966812133789e+00
2.138026654720306396e-01,1.828999966382980347e-01
2.774900674819946289e+00,2.755899906158447266e+00
1.696225881576538086e+00,1.677099943161010742e+00
2.885576486587524414e-01,2.542000114917755127e-01
1.106680870056152344e+00,1.041599988937377930e+00
1.955153465270996094e+00,1.931300044059753418e+00
1.961078882217407227e+00,1.937500000000000000e+00
5.269061923027038574e-01,5.022000074386596680e-01
4.613091051578521729e-01,4.402000010013580322e-01
1.701247692108154297e+00,1.683300018310546875e+00
2.813434600830078125e-01,2.479999959468841553e-01
1.843264579772949219e+00,1.813500046730041504e+00
2.102617263793945312e+00,2.076999902725219727e+00
2.855494737625122070e+00,2.839600086212158203e+00
1.722804665565490723e+00,1.701900005340576172e+00
2.386948347091674805e+00,2.377700090408325195e+00
4.534293711185455322e-01,4.309000074863433838e-01
3.053464889526367188e+00,3.072099924087524414e+00
1.453350782394409180e+00,1.432199954986572266e+00
3.006136894226074219e+00,3.000799894332885742e+00
2.790473699569702148e+00,2.774499893188476562e+00
2.773880004882812500e+00,2.752799987792968750e+00
9.357784986495971680e-01,9.548000097274780273e-01
2.687272071838378906e+00,2.678400039672851562e+00
2.479075908660888672e+00,2.483099937438964844e+00
8.817100524902343750e-01,9.021000266075134277e-01
2.196485519409179688e+00,2.207200050354003906e+00
2.955959558486938477e+00,2.926399946212768555e+00
4.467353224754333496e-01,4.277999997138977051e-01
1.376701116561889648e+00,1.357800006866455078e+00
2.407316207885742188e+00,2.399399995803833008e+00
8.856696486473083496e-01,9.082999825477600098e-01
2.791107892990112305e-01,2.449000030755996704e-01
2.153280496597290039e+00,2.151400089263916016e+00
1.163941264152526855e+00,1.085000038146972656e+00
2.949741840362548828e+00,2.920200109481811523e+00
2.252789497375488281e+00,2.259900093078613281e+00
1.221880674362182617e+00,1.177999973297119141e+00
1.851557731628417969e+00,1.819700002670288086e+00
2.692679166793823242e-01,2.355999946594238281e-01
2.984850645065307617e+00,2.969799995422363281e+00
2.914207458496093750e+00,2.889199972152709961e+00
2.228263854980468750e+00,2.238199949264526367e+00
2.646857976913452148e+00,2.631900072097778320e+00
1.389422178268432617e+00,1.373299956321716309e+00
8.163303136825561523e-01,8.307999968528747559e-01
2.198694705963134766e+00,2.210299968719482422e+00
2.609694957733154297e+00,2.597800016403198242e+00
1.979993820190429688e+00,1.962299942970275879e+00
1.440024375915527344e+00,1.413599967956542969e+00
2.157478570938110352e+00,2.163800001144409180e+00
1.802953481674194336e+00,1.776299953460693359e+00
3.046658277511596680e+00,3.059700012207031250e+00
2.272925853729248047e+00,2.284699916839599609e+00
2.637713432312011719e+00,2.622600078582763672e+00
2.595237255096435547e+00,2.588500022888183594e+00
6.310563087463378906e-01,6.355000138282775879e-01
3.017444133758544922e+00,3.016299962997436523e+00
7.258712649345397949e-01,7.533000111579895020e-01
8.414816856384277344e-01,8.618000149726867676e-01
7.918771505355834961e-01,8.122000098228454590e-01
2.192877769470214844e+00,2.200999975204467773e+00
2.763358354568481445e+00,2.737299919128417969e+00
2.241335391998291016e+00,2.247499942779541016e+00
3.069187998771667480e-01,2.727999985218048096e-01
2.597461342811584473e-01,2.201000005006790161e-01
2.802433013916015625e+00,2.786900043487548828e+00
1.107041612267494202e-01,4.650000110268592834e-02
2.825946331024169922e+00,2.811700105667114258e+00
1.012146234512329102e+00,9.764999747276306152e-01
8.547382950782775879e-01,8.773000240325927734e-01
2.671592235565185547e-01,2.325000017881393433e-01
1.554449796676635742e+00,1.534500002861022949e+00
2.668204545974731445e+00,2.650500059127807617e+00
2.578409194946289062e+00,2.569900035858154297e+00
2.633953392505645752e-01,2.263000011444091797e-01
3.701989054679870605e-01,3.409999907016754150e-01
2.266124963760375977e+00,2.278500080108642578e+00
2.058994531631469727e+00,2.039799928665161133e+00
8.226449489593505859e-01,8.400999903678894043e-01
2.280013084411621094e+00,2.293999910354614258e+00
1.133380159735679626e-01,4.960000142455101013e-02
2.976836204528808594e+00,2.951200008392333984e+00
2.224508285522460938e+00,2.235100030899047852e+00
2.492943286895751953e+00,2.498600006103515625e+00
2.264242649078369141e+00,2.275399923324584961e+00
3.908654749393463135e-01,3.689000010490417480e-01
3.025578498840332031e+00,3.031800031661987305e+00
2.461962223052978516e+00,2.464499950408935547e+00
1.903626680374145508e+00,1.884799957275390625e+00
2.249866724014282227e+00,2.256799936294555664e+00
2.618295669555664062e+00,2.607100009918212891e+00
2.076220273971557617e+00,2.055299997329711914e+00
6.204090714454650879e-01,6.230999827384948730e-01
2.072551727294921875e+00,2.052200078964233398e+00
1.036433935165405273e+00,9.919999837875366211e-01
1.562565565109252930e+00,1.540699958801269531e+00
2.199380636215209961e+00,2.185499906539916992e+00
1.168610334396362305e+00,1.119099974632263184e+00
6.084995269775390625e-01,6.044999957084655762e-01
1.738288402557373047e+00,1.717399954795837402e+00
2.022776603698730469e+00,1.999500036239624023e+00
1.834224224090576172e+00,1.804200053215026855e+00
1.039566755294799805e+00,9.951000213623046875e-01
1.764517664909362793e+00,1.739099979400634766e+00
2.844946861267089844e+00,2.827199935913085938e+00
1.951068520545959473e+00,1.928200006484985352e+00
1.446408033370971680e+00,1.419800043106079102e+00
3.844639658927917480e-01,3.626999855041503906e-01
2.558651447296142578e+00,2.551300048828125000e+00
1.299669265747070312e+00,1.277199983596801758e+00
9.020423889160156250e-01,9.269000291824340820e-01
2.277919530868530273e+00,2.290899991989135742e+00
1.400475502014160156e-01,8.990000188350677490e-02
2.873879432678222656e+00,2.855099916458129883e+00
2.483453750610351562e+00,2.486200094223022461e+00
1.529492497444152832e+00,1.512799978256225586e+00
2.451953411102294922e+00,2.448999881744384766e+00
3.061662435531616211e+00,3.099999904632568359e+00
1.801122426986694336e+00,1.773200035095214844e+00
3.725062608718872070e-01,3.440999984741210938e-01
2.383841991424560547e+00,2.374599933624267578e+00
1.071495532989501953e+00,1.019899964332580566e+00
1.157241344451904297e+00,1.072600007057189941e+00
2.417432367801666260e-01,2.014999985694885254e-01
1.945652961730957031e+00,1.922000050544738770e+00
1.813356757164001465e+00,1.785599946975708008e+00
2.883658647537231445e+00,2.861299991607666016e+00
1.173024892807006836e+00,1.122200012207031250e+00
2.914933681488037109e+00,2.892299890518188477e+00
1.786303043365478516e+00,1.760800004005432129e+00
1.061094045639038086e+00,1.013700008392333984e+00
1.387464165687561035e+00,1.370200037956237793e+00
2.064902305603027344e+00,2.046000003814697266e+00
1.100519657135009766e+00,1.035400032997131348e+00
1.487668395042419434e+00,1.472499966621398926e+00
2.255864143371582031e+00,2.263000011444091797e+00
2.784020423889160156e+00,2.768300056457519531e+00
1.966644287109375000e+00,1.946799993515014648e+00
1.810122013092041016e+00,1.782500028610229492e+00
3.135242760181427002e-01,2.790000140666961670e-01
6.550215482711791992e-01,6.603000164031982422e-01
1.395451784133911133e+00,1.376399993896484375e+00
3.440234065055847168e-01,3.100000023841857910e-01
1.204034209251403809e+00,1.153200030326843262e+00
1.439554095268249512e-01,9.920000284910202026e-02
8.890336155891418457e-01,9.144999980926513672e-01
6.173788905143737793e-01,6.200000047683715820e-01
1.016487851738929749e-01,2.789999917149543762e-02
1.161804318428039551e+00,1.094300031661987305e+00
1.878244161605834961e+00,1.853800058364868164e+00
2.885138750076293945e+00,2.864399909973144531e+00
2.500318527221679688e+00,2.507899999618530273e+00
1.315823554992675781e+00,1.292700052261352539e+00
2.105826854705810547e+00,2.080100059509277344e+00
4.719520807266235352e-01,4.494999945163726807e-01
1.512661427259445190e-01,1.146999970078468323e-01
1.199276804924011230e+00,1.146999955177307129e+00
3.009863853454589844e+00,3.006999969482421875e+00
2.810341119766235352e+00,2.796200037002563477e+00
2.087875604629516602e+00,2.064599990844726562e+00
2.397751331329345703e+00,2.390100002288818359e+00
1.137427091598510742e+00,1.050899982452392578e+00
2.260291576385498047e+00,2.269200086593627930e+00
2.209343194961547852e+00,2.222700119018554688e+00
1.751725375652313232e-01,1.363999992609024048e-01
1.159054279327392578e+00,1.081900000572204590e+00
8.839240074157714844e-01,9.052000045776367188e-01
7.375163435935974121e-01,7.626000046730041504e-01
6.108008027076721191e-01,6.075999736785888672e-01
2.231801271438598633e+00,2.241300106048583984e+00
1.237176880240440369e-01,6.199999898672103882e-02
2.178731262683868408e-01,1.860000044107437134e-01
1.645977258682250977e+00,1.624400019645690918e+00
2.592038154602050781e+00,2.585400104522705078e+00
8.583160638809204102e-01,8.804000020027160645e-01
3.042311191558837891e+00,3.053499937057495117e+00
2.664423227310180664e+00,2.647399902343750000e+00
2.636350095272064209e-01,2.231999933719635010e-01
2.930373191833496094e+00,2.904700040817260742e+00
2.895331382751464844e+00,2.870599985122680664e+00
2.047083377838134766e+00,2.027400016784667969e+00
1.300714462995529175e-01,6.819999963045120239e-02
9.689864516258239746e-02,1.549999974668025970e-02
5.943163633346557617e-01,5.859000086784362793e-01
1.766815185546875000e+00,1.742200016975402832e+00
3.570226430892944336e-01,3.255000114440917969e-01
3.526059687137603760e-01,3.192999958992004395e-01
3.635721206665039062e-01,3.348000049591064453e-01
6.505087018013000488e-01,6.541000008583068848e-01
5.710005760192871094e-01,5.580000281333923340e-01
1.231012567877769470e-01,6.509999930858612061e-02
2.960188388824462891e+00,2.935699939727783203e+00
3.022081255912780762e-01,2.666000127792358398e-01
1.344791293144226074e+00,1.314399957656860352e+00
2.248278856277465820e+00,2.253700017929077148e+00
5.612514615058898926e-01,5.425000190734863281e-01
2.362176179885864258e+00,2.349800109863281250e+00
4.981321692466735840e-01,4.681000113487243652e-01
5.779414772987365723e-01,5.673000216484069824e-01
2.970898747444152832e-01,2.603999972343444824e-01
3.103863000869750977e-01,2.759000062942504883e-01
8.979777097702026367e-01,9.237999916076660156e-01
1.485035419464111328e+00,1.466300010681152344e+00
1.548164963722229004e+00,1.528300046920776367e+00
1.380877017974853516e+00,1.363999962806701660e+00
3.011358261108398438e+00,3.010099887847900391e+00
1.585034847259521484e+00,1.562399983406066895e+00
2.262804508209228516e+00,2.272300004959106445e+00
2.078205943107604980e-01,1.766999959945678711e-01
1.374249756336212158e-01,8.680000156164169312e-02
8.350633978843688965e-01,8.555999994277954102e-01
2.506653308868408203e+00,2.514100074768066406e+00
1.905004739761352539e+00,1.887899994850158691e+00
2.598620653152465820e+00,2.591599941253662109e+00
6.572470068931579590e-01,6.633999943733215332e-01
1.599259376525878906e+00,1.574800014495849609e+00
8.502135276794433594e-01,8.711000084877014160e-01
1.022167131304740906e-01,3.099999949336051941e-02
2.136460304260253906e+00,2.117300033569335938e+00
1.454810023307800293e+00,1.435299992561340332e+00
5.629830956459045410e-01,5.486999750137329102e-01
1.656767368316650391e+00,1.636800050735473633e+00
2.206417083740234375e+00,2.219599962234497070e+00
2.456370830535888672e+00,2.455199956893920898e+00
1.693792462348937988e+00,1.674000024795532227e+00
3.468183577060699463e-01,3.131000101566314697e-01
1.615617990493774414e+00,1.593400001525878906e+00
1.217962384223937988e+00,1.171800017356872559e+00
1.914390563964843750e+00,1.894099950790405273e+00
2.559176445007324219e+00,2.554399967193603516e+00
2.530288219451904297e+00,2.529599905014038086e+00
2.723486185073852539e+00,2.706300020217895508e+00
2.625377893447875977e+00,2.613300085067749023e+00
2.923836231231689453e+00,2.901599884033203125e+00
2.765594005584716797e+00,2.740400075912475586e+00
6.724914312362670898e-01,6.881999969482421875e-01
4.038668870925903320e-01,3.844000101089477539e-01
6.215892434120178223e-01,6.262000203132629395e-01
2.823040962219238281e+00,2.808599948883056641e+00
1.740637540817260742e+00,1.720499992370605469e+00
1.496882915496826172e+00,1.481799960136413574e+00
2.258120059967041016e+00,2.266099929809570312e+00
1.866019129753112793e+00,1.832100033760070801e+00
1.924163937568664551e+00,1.906499981880187988e+00
8.270336985588073730e-01,8.463000059127807617e-01
6.708413958549499512e-01,6.789000034332275391e-01
2.122697353363037109e+00,2.101799964904785156e+00
1.958744078874588013e-01,1.674000024795532227e-01
2.662343740463256836e+00,2.644299983978271484e+00
